title,availability
A Light in the Attic,In stock
Tipping the Velvet,In stock
Soumission,In stock
Sharp Objects,In stock
Sapiens: A Brief History of Humankind,In stock
The Requiem Red,In stock
The Dirty Little Secrets of Getting Your Dream Job,In stock
"The Coming Woman: A Novel Based on the Life of the Infamous Feminist, Victoria Woodhull",In stock
The Boys in the Boat: Nine Americans and Their Epic Quest for Gold at the 1936 Berlin Olympics,In stock
The Black Maria,In stock
"Starving Hearts (Triangular Trade Trilogy, #1)",In stock
Shakespeare's Sonnets,In stock
Set Me Free,In stock
Scott Pilgrim's Precious Little Life (Scott Pilgrim #1),In stock
Rip it Up and Start Again,In stock
"Our Band Could Be Your Life: Scenes from the American Indie Underground, 1981-1991",In stock
Olio,In stock
Mesaerion: The Best Science Fiction Stories 1800-1849,In stock
Libertarianism for Beginners,In stock
It's Only the Himalayas,In stock
In Her Wake,In stock
How Music Works,In stock
"Foolproof Preserving: A Guide to Small Batch Jams, Jellies, Pickles, Condiments, and More: A Foolproof Guide to Making Small Batch Jams, Jellies, Pickles, Condiments, and More",In stock
Chase Me (Paris Nights #2),In stock
Black Dust,In stock
Birdsong: A Story in Pictures,In stock
America's Cradle of Quarterbacks: Western Pennsylvania's Football Factory from Johnny Unitas to Joe Montana,In stock
Aladdin and His Wonderful Lamp,In stock
Worlds Elsewhere: Journeys Around Shakespeareâs Globe,In stock
Wall and Piece,In stock
The Four Agreements: A Practical Guide to Personal Freedom,In stock
The Five Love Languages: How to Express Heartfelt Commitment to Your Mate,In stock
The Elephant Tree,In stock
The Bear and the Piano,In stock
Sophie's World,In stock
Penny Maybe,In stock
Maude (1883-1993):She Grew Up with the country,In stock
"In a Dark, Dark Wood",In stock
Behind Closed Doors,In stock
You can't bury them all: Poems,In stock
Slow States of Collapse: Poems,In stock
Reasons to Stay Alive,In stock
Private Paris (Private #10),In stock
#HigherSelfie: Wake Up Your Life. Free Your Soul. Find Your Tribe.,In stock
Without Borders (Wanderlove #1),In stock
When We Collided,In stock
"We Love You, Charlie Freeman",In stock
Untitled Collection: Sabbath Poems 2014,In stock
"Unseen City: The Majesty of Pigeons, the Discreet Charm of Snails & Other Wonders of the Urban Wilderness",In stock
Unicorn Tracks,In stock
"Unbound: How Eight Technologies Made Us Human, Transformed Society, and Brought Our World to the Brink",In stock
Tsubasa: WoRLD CHRoNiCLE 2 (Tsubasa WoRLD CHRoNiCLE #2),In stock
Throwing Rocks at the Google Bus: How Growth Became the Enemy of Prosperity,In stock
This One Summer,In stock
Thirst,In stock
The Torch Is Passed: A Harding Family Story,In stock
The Secret of Dreadwillow Carse,In stock
"The Pioneer Woman Cooks: Dinnertime: Comfort Classics, Freezer Food, 16-Minute Meals, and Other Delicious Ways to Solve Supper!",In stock
The Past Never Ends,In stock
The Natural History of Us (The Fine Art of Pretending #2),In stock
The Nameless City (The Nameless City #1),In stock
The Murder That Never Was (Forensic Instincts #5),In stock
The Most Perfect Thing: Inside (and Outside) a Bird's Egg,In stock
"The Mindfulness and Acceptance Workbook for Anxiety: A Guide to Breaking Free from Anxiety, Phobias, and Worry Using Acceptance and Commitment Therapy",In stock
The Life-Changing Magic of Tidying Up: The Japanese Art of Decluttering and Organizing,In stock
"The Inefficiency Assassin: Time Management Tactics for Working Smarter, Not Longer",In stock
The Gutsy Girl: Escapades for Your Life of Epic Adventure,In stock
The Electric Pencil: Drawings from Inside State Hospital No. 3,In stock
The Death of Humanity: and the Case for Life,In stock
"The Bulletproof Diet: Lose up to a Pound a Day, Reclaim Energy and Focus, Upgrade Your Life",In stock
The Art Forger,In stock
The Age of Genius: The Seventeenth Century and the Birth of the Modern Mind,In stock
The Activist's Tao Te Ching: Ancient Advice for a Modern Revolution,In stock
Spark Joy: An Illustrated Master Class on the Art of Organizing and Tidying Up,In stock
Soul Reader,In stock
Security,In stock
"Saga, Volume 6 (Saga (Collected Editions) #6)",In stock
"Saga, Volume 5 (Saga (Collected Editions) #5)",In stock
Reskilling America: Learning to Labor in the Twenty-First Century,In stock
"Rat Queens, Vol. 3: Demons (Rat Queens (Collected Editions) #11-15)",In stock
"Princess Jellyfish 2-in-1 Omnibus, Vol. 01 (Princess Jellyfish 2-in-1 Omnibus #1)",In stock
Princess Between Worlds (Wide-Awake Princess #5),In stock
"Pop Gun War, Volume 1: Gift",In stock
"Political Suicide: Missteps, Peccadilloes, Bad Calls, Backroom Hijinx, Sordid Pasts, Rotten Breaks, and Just Plain Dumb Mistakes in the Annals of American Politics",In stock
Patience,In stock
"Outcast, Vol. 1: A Darkness Surrounds Him (Outcast #1)",In stock
orange: The Complete Collection 1 (orange: The Complete Collection #1),In stock
Online Marketing for Busy Authors: A Step-By-Step Guide,In stock
On a Midnight Clear,In stock
Obsidian (Lux #1),In stock
My Paris Kitchen: Recipes and Stories,In stock
Masks and Shadows,In stock
"Mama Tried: Traditional Italian Cooking for the Screwed, Crude, Vegan, and Tattooed",In stock
"Lumberjanes, Vol. 2: Friendship to the Max (Lumberjanes #5-8)",In stock
"Lumberjanes, Vol. 1: Beware the Kitten Holy (Lumberjanes #1-4)",In stock
Lumberjanes Vol. 3: A Terrible Plan (Lumberjanes #9-12),In stock
"Layered: Baking, Building, and Styling Spectacular Cakes",In stock
Judo: Seven Steps to Black Belt (an Introductory Guide for Beginners),In stock
Join,In stock
In the Country We Love: My Family Divided,In stock
Immunity: How Elie Metchnikoff Changed the Course of Modern Medicine,In stock
"I Hate Fairyland, Vol. 1: Madly Ever After (I Hate Fairyland (Compilations) #1-5)",In stock
I am a Hero Omnibus Volume 1,In stock
How to Be Miserable: 40 Strategies You Already Use,In stock
Her Backup Boyfriend (The Sorensen Family #1),In stock
"Giant Days, Vol. 2 (Giant Days #5-8)",In stock
Forever and Forever: The Courtship of Henry Longfellow and Fanny Appleton,In stock
First and First (Five Boroughs #3),In stock
Fifty Shades Darker (Fifty Shades #2),In stock
Everydata: The Misinformation Hidden in the Little Data You Consume Every Day,In stock
"Don't Be a Jerk: And Other Practical Advice from Dogen, Japan's Greatest Zen Master",In stock
Danganronpa Volume 1,In stock
Crown of Midnight (Throne of Glass #2),In stock
"Codename Baboushka, Volume 1: The Conclave of Death",In stock
Camp Midnight,In stock
Call the Nurse: True Stories of a Country Nurse on a Scottish Isle,In stock
Burning,In stock
Bossypants,In stock
"Bitch Planet, Vol. 1: Extraordinary Machine (Bitch Planet (Collected Editions))",In stock
"Avatar: The Last Airbender: Smoke and Shadow, Part 3 (Smoke and Shadow #3)",In stock
Algorithms to Live By: The Computer Science of Human Decisions,In stock
A World of Flavor: Your Gluten Free Passport,In stock
"A Piece of Sky, a Grain of Rice: A Memoir in Four Meditations",In stock
A Murder in Time,In stock
A Flight of Arrows (The Pathfinders #2),In stock
A Fierce and Subtle Poison,In stock
A Court of Thorns and Roses (A Court of Thorns and Roses #1),In stock
(Un)Qualified: How God Uses Broken People to Do Big Things,In stock
You Are What You Love: The Spiritual Power of Habit,In stock
"William Shakespeare's Star Wars: Verily, A New Hope (William Shakespeare's Star Wars #4)",In stock
Tuesday Nights in 1980,In stock
Tracing Numbers on a Train,In stock
Throne of Glass (Throne of Glass #1),In stock
Thomas Jefferson and the Tripoli Pirates: The Forgotten War That Changed American History,In stock
Thirteen Reasons Why,In stock
The White Cat and the Monk: A Retelling of the Poem âPangur BÃ¡nâ,In stock
The Wedding Dress,In stock
The Vacationers,In stock
The Third Wave: An Entrepreneurâs Vision of the Future,In stock
The Stranger,In stock
The Shadow Hero (The Shadow Hero),In stock
The Secret (The Secret #1),In stock
The Regional Office Is Under Attack!,In stock
The Psychopath Test: A Journey Through the Madness Industry,In stock
The Project,In stock
The Power of Now: A Guide to Spiritual Enlightenment,In stock
The Omnivore's Dilemma: A Natural History of Four Meals,In stock
The Nerdy Nummies Cookbook: Sweet Treats for the Geek in All of Us,In stock
The Murder of Roger Ackroyd (Hercule Poirot #4),In stock
The Mistake (Off-Campus #2),In stock
The Matchmaker's Playbook (Wingmen Inc. #1),In stock
The Love and Lemons Cookbook: An Apple-to-Zucchini Celebration of Impromptu Cooking,In stock
The Long Shadow of Small Ghosts: Murder and Memory in an American City,In stock
The Kite Runner,In stock
The House by the Lake,In stock
The Glittering Court (The Glittering Court #1),In stock
The Girl on the Train,In stock
The Genius of Birds,In stock
The Emerald Mystery,In stock
The Cookies & Cups Cookbook: 125+ sweet & savory recipes reminding you to Always Eat Dessert First,In stock
The Bridge to Consciousness: I'm Writing the Bridge Between Science and Our Old and New Beliefs.,In stock
The Artist's Way: A Spiritual Path to Higher Creativity,In stock
The Art of War,In stock
The Argonauts,In stock
The 10% Entrepreneur: Live Your Startup Dream Without Quitting Your Day Job,In stock
Suddenly in Love (Lake Haven #1),In stock
Something More Than This,In stock
Soft Apocalypse,In stock
So You've Been Publicly Shamed,In stock
Shoe Dog: A Memoir by the Creator of NIKE,In stock
"Shobu Samurai, Project Aryoku (#3)",In stock
Secrets and Lace (Fatal Hearts #1),In stock
Scarlett Epstein Hates It Here,In stock
Romero and Juliet: A Tragic Tale of Love and Zombies,In stock
Redeeming Love,In stock
Poses for Artists Volume 1 - Dynamic and Sitting Poses: An Essential Reference for Figure Drawing and the Human Form,In stock
Poems That Make Grown Women Cry,In stock
"Nightingale, Sing",In stock
Night Sky with Exit Wounds,In stock
Mrs. Houdini,In stock
Modern Romance,In stock
Miss Peregrineâs Home for Peculiar Children (Miss Peregrineâs Peculiar Children #1),In stock
Louisa: The Extraordinary Life of Mrs. Adams,In stock
Little Red,In stock
Library of Souls (Miss Peregrineâs Peculiar Children #3),In stock
Large Print Heart of the Pride,In stock
I Had a Nice Time And Other Lies...: How to find love & sh*t like that,In stock
Hollow City (Miss Peregrineâs Peculiar Children #2),In stock
Grumbles,In stock
Full Moon over Noahâs Ark: An Odyssey to Mount Ararat and Beyond,In stock
Frostbite (Vampire Academy #2),In stock
Follow You Home,In stock
First Steps for New Christians (Print Edition),In stock
Finders Keepers (Bill Hodges Trilogy #2),In stock
"Fables, Vol. 1: Legends in Exile (Fables #1)",In stock
Eureka Trivia 6.0,In stock
Drive: The Surprising Truth About What Motivates Us,In stock
Done Rubbed Out (Reightman & Bailey #1),In stock
Doing It Over (Most Likely To #1),In stock
"Deliciously Ella Every Day: Quick and Easy Recipes for Gluten-Free Snacks, Packed Lunches, and Simple Meals",In stock
Dark Notes,In stock
"Daring Greatly: How the Courage to Be Vulnerable Transforms the Way We Live, Love, Parent, and Lead",In stock
Close to You,In stock
Chasing Heaven: What Dying Taught Me About Living,In stock
Big Magic: Creative Living Beyond Fear,In stock
Becoming Wise: An Inquiry into the Mystery and Art of Living,In stock
Beauty Restored (Riley Family Legacy Novellas #3),In stock
Batman: The Long Halloween (Batman),In stock
Batman: The Dark Knight Returns (Batman),In stock
Ayumi's Violin,In stock
Anonymous,In stock
Amy Meets the Saints and Sages,In stock
Amid the Chaos,In stock
Amatus,In stock
Agnostic: A Spirited Manifesto,In stock
Zealot: The Life and Times of Jesus of Nazareth,In stock
You (You #1),In stock
"Wonder Woman: Earth One, Volume One (Wonder Woman: Earth One #1)",In stock
Wild Swans,In stock
Why the Right Went Wrong: Conservatism--From Goldwater to the Tea Party and Beyond,In stock
Whole Lotta Creativity Going On: 60 Fun and Unusual Exercises to Awaken and Strengthen Your Creativity,In stock
What's It Like in Space?: Stories from Astronauts Who've Been There,In stock
"We Are Robin, Vol. 1: The Vigilante Business (We Are Robin #1)",In stock
Walt Disney's Alice in Wonderland,In stock
V for Vendetta (V for Vendetta Complete),In stock
Until Friday Night (The Field Party #1),In stock
"Unbroken: A World War II Story of Survival, Resilience, and Redemption",In stock
Twenty Yawns,In stock
Through the Woods,In stock
This Is Where It Ends,In stock
The Year of Magical Thinking,In stock
The Wright Brothers,In stock
The White Queen (The Cousins' War #1),In stock
The Wedding Pact (The O'Malleys #2),In stock
The Time Keeper,In stock
The Testament of Mary,In stock
The Star-Touched Queen,In stock
The Songs of the Gods,In stock
The Song of Achilles,In stock
The Rosie Project (Don Tillman #1),In stock
The Power of Habit: Why We Do What We Do in Life and Business,In stock
The Marriage of Opposites,In stock
The Lucifer Effect: Understanding How Good People Turn Evil,In stock
The Long Haul (Diary of a Wimpy Kid #9),In stock
The Loney,In stock
The Literature Book (Big Ideas Simply Explained),In stock
The Last Mile (Amos Decker #2),In stock
The Immortal Life of Henrietta Lacks,In stock
The Hidden Oracle (The Trials of Apollo #1),In stock
The Help Yourself Cookbook for Kids: 60 Easy Plant-Based Recipes Kids Can Make to Stay Healthy and Save the Earth,In stock
The Guilty (Will Robie #4),In stock
The First Hostage (J.B. Collins #2),In stock
The Dovekeepers,In stock
The Darkest Lie,In stock
The Bane Chronicles (The Bane Chronicles #1-11),In stock
The Bad-Ass Librarians of Timbuktu: And Their Race to Save the Worldâs Most Precious Manuscripts,In stock
The 14th Colony (Cotton Malone #11),In stock
That Darkness (Gardiner and Renner #1),In stock
Tastes Like Fear (DI Marnie Rome #3),In stock
Take Me with You,In stock
Swell: A Year of Waves,In stock
Superman Vol. 1: Before Truth (Superman by Gene Luen Yang #1),In stock
Still Life with Bread Crumbs,In stock
Steve Jobs,In stock
Sorting the Beef from the Bull: The Science of Food Fraud Forensics,In stock
Someone Like You (The Harrisons #2),In stock
"So Cute It Hurts!!, Vol. 6 (So Cute It Hurts!! #6)",In stock
Shtum,In stock
See America: A Celebration of Our National Parks & Treasured Sites,In stock
salt.,In stock
Robin War,In stock
"Red Hood/Arsenal, Vol. 1: Open for Business (Red Hood/Arsenal #1)",In stock
Rain Fish,In stock
"Quarter Life Poetry: Poems for the Young, Broke and Hangry",In stock
Pet Sematary,In stock
"Overload: How to Unplug, Unwind, and Unleash Yourself from the Pressure of Stress",In stock
Once Was a Time,In stock
Old School (Diary of a Wimpy Kid #10),In stock
No Dream Is Too High: Life Lessons From a Man Who Walked on the Moon,In stock
"Naruto (3-in-1 Edition), Vol. 14: Includes Vols. 40, 41 & 42 (Naruto: Omnibus #14)",In stock
My Name Is Lucy Barton,In stock
My Mrs. Brown,In stock
My Kind of Crazy,In stock
Mr. Mercedes (Bill Hodges Trilogy #1),In stock
More Than Music (Chasing the Dream #1),In stock
Made to Stick: Why Some Ideas Survive and Others Die,In stock
Luis Paints the World,In stock
Luckiest Girl Alive,In stock
Lowriders to the Center of the Earth (Lowriders in Space #2),In stock
Love Is a Mix Tape (Music #1),In stock
Looking for Lovely: Collecting the Moments that Matter,In stock
"Living Leadership by Insight: A Good Leader Achieves, a Great Leader Builds Monuments",In stock
Let It Out: A Journey Through Journaling,In stock
Lady Midnight (The Dark Artifices #1),In stock
"It's All Easy: Healthy, Delicious Weeknight Meals in under 30 Minutes",In stock
Island of Dragons (Unwanteds #7),In stock
I Know What I'm Doing -- and Other Lies I Tell Myself: Dispatches from a Life Under Construction,In stock
I Am Pilgrim (Pilgrim #1),In stock
"Hyperbole and a Half: Unfortunate Situations, Flawed Coping Mechanisms, Mayhem, and Other Things That Happened",In stock
"Hush, Hush (Hush, Hush #1)",In stock
Hold Your Breath (Search and Rescue #1),In stock
Hamilton: The Revolution,In stock
Greek Mythic History,In stock
God: The Most Unpleasant Character in All Fiction,In stock
Glory over Everything: Beyond The Kitchen House,In stock
Feathers: Displays of Brilliant Plumage,In stock
"Far & Away: Places on the Brink of Change: Seven Continents, Twenty-Five Years",In stock
Every Last Word,In stock
Eligible (The Austen Project #4),In stock
El Deafo,In stock
Eight Hundred Grapes,In stock
"Eaternity: More than 150 Deliciously Easy Vegan Recipes for a Long, Healthy, Satisfied, Joyful Life",In stock
"Eat Fat, Get Thin",In stock
Don't Get Caught,In stock
Doctor Sleep (The Shining #2),In stock
Demigods & Magicians: Percy and Annabeth Meet the Kanes (Percy Jackson & Kane Chronicles Crossover #1-3),In stock
Dear Mr. Knightley,In stock
Daily Fantasy Sports,In stock
Crazy Love: Overwhelmed by a Relentless God,In stock
Cometh the Hour (The Clifton Chronicles #6),In stock
Code Name Verity (Code Name Verity #1),In stock
Clockwork Angel (The Infernal Devices #1),In stock
City of Glass (The Mortal Instruments #3),In stock
City of Fallen Angels (The Mortal Instruments #4),In stock
City of Bones (The Mortal Instruments #1),In stock
City of Ashes (The Mortal Instruments #2),In stock
Cell,In stock
Catching Jordan (Hundred Oaks),In stock
"Carry On, Warrior: Thoughts on Life Unarmed",In stock
Carrie,In stock
Buying In: The Secret Dialogue Between What We Buy and Who We Are,In stock
Brain on Fire: My Month of Madness,In stock
Batman: Europa,In stock
Barefoot Contessa Back to Basics,In stock
Barefoot Contessa at Home: Everyday Recipes You'll Make Over and Over Again,In stock
Balloon Animals,In stock
Art Ops Vol. 1,In stock
Aristotle and Dante Discover the Secrets of the Universe (Aristotle and Dante Discover the Secrets of the Universe #1),In stock
Angels Walking (Angels Walking #1),In stock
Angels & Demons (Robert Langdon #1),In stock
All the Light We Cannot See,In stock
"Adulthood Is a Myth: A ""Sarah's Scribbles"" Collection",In stock
Abstract City,In stock
A Time of Torment (Charlie Parker #14),In stock
A Study in Scarlet (Sherlock Holmes #1),In stock
"A Series of Catastrophes and Miracles: A True Story of Love, Science, and Cancer",In stock
A People's History of the United States,In stock
A Man Called Ove,In stock
A Distant Mirror: The Calamitous 14th Century,In stock
A Brush of Wings (Angels Walking #3),In stock
1491: New Revelations of the Americas Before Columbus,In stock
"The Three Searches, Meaning, and the Story",In stock
Searching for Meaning in Gailana,In stock
Rook,In stock
My Kitchen Year: 136 Recipes That Saved My Life,In stock
13 Hours: The Inside Account of What Really Happened In Benghazi,In stock
Will You Won't You Want Me?,In stock
Tipping Point for Planet Earth: How Close Are We to the Edge?,In stock
The Star-Touched Queen,In stock
The Silent Sister (Riley MacPherson #1),In stock
The Midnight Watch: A Novel of the Titanic and the Californian,In stock
The Lonely City: Adventures in the Art of Being Alone,In stock
The Gray Rhino: How to Recognize and Act on the Obvious Dangers We Ignore,In stock
The Golden Condom: And Other Essays on Love Lost and Found,In stock
The Epidemic (The Program 0.6),In stock
The Dinner Party,In stock
The Diary of a Young Girl,In stock
The Children,In stock
Stars Above (The Lunar Chronicles #4.5),In stock
Snatched: How A Drug Queen Went Undercover for the DEA and Was Kidnapped By Colombian Guerillas,In stock
Raspberry Pi Electronics Projects for the Evil Genius,In stock
Quench Your Own Thirst: Business Lessons Learned Over a Beer or Two,In stock
Psycho: Sanitarium (Psycho #1.5),In stock
Poisonous (Max Revere Novels #3),In stock
One with You (Crossfire #5),In stock
No Love Allowed (Dodge Cove #1),In stock
Murder at the 42nd Street Library (Raymond Ambler #1),In stock
Most Wanted,In stock
"Love, Lies and Spies",In stock
How to Speak Golf: An Illustrated Guide to Links Lingo,In stock
Hide Away (Eve Duncan #20),In stock
Furiously Happy: A Funny Book About Horrible Things,In stock
Everyday Italian: 125 Simple and Delicious Recipes,In stock
Equal Is Unfair: America's Misguided Fight Against Income Inequality,In stock
Eleanor & Park,In stock
Dirty (Dive Bar #1),In stock
Can You Keep a Secret? (Fear Street Relaunch #4),In stock
Boar Island (Anna Pigeon #19),In stock
A Paris Apartment,In stock
"A la Mode: 120 Recipes in 60 Pairings: Pies, Tarts, Cakes, Crisps, and More Topped with Ice Cream, Gelato, Frozen Custard, and More",In stock
Troublemaker: Surviving Hollywood and Scientology,In stock
The Widow,In stock
"The Sleep Revolution: Transforming Your Life, One Night at a Time",In stock
The Improbability of Love,In stock
The Art of Startup Fundraising,In stock
Take Me Home Tonight (Rock Star Romance #3),In stock
Sleeping Giants (Themis Files #1),In stock
"Setting the World on Fire: The Brief, Astonishing Life of St. Catherine of Siena",In stock
Playing with Fire,In stock
Off the Hook (Fishing for Trouble #1),In stock
Mothering Sunday,In stock
"Mother, Can You Not?",In stock
M Train,In stock
Lilac Girls,In stock
Lies and Other Acts of Love,In stock
Lab Girl,In stock
Keep Me Posted,In stock
It Didn't Start with You: How Inherited Family Trauma Shapes Who We Are and How to End the Cycle,In stock
Grey (Fifty Shades #4),In stock
"Exit, Pursued by a Bear",In stock
Daredevils,In stock
Cravings: Recipes for What You Want to Eat,In stock
Born for This: How to Find the Work You Were Meant to Do,In stock
Arena,In stock
Adultery,In stock
A Mother's Reckoning: Living in the Aftermath of Tragedy,In stock
A Gentleman's Position (Society of Gentlemen #3),In stock
11/22/63,In stock
"10% Happier: How I Tamed the Voice in My Head, Reduced Stress Without Losing My Edge, and Found Self-Help That Actually Works",In stock
10-Day Green Smoothie Cleanse: Lose Up to 15 Pounds in 10 Days!,In stock
Without Shame,In stock
Watchmen,In stock
Unlimited Intuition Now,In stock
Underlying Notes,In stock
The Shack,In stock
The New Brand You: Your New Image Makes the Sale for You,In stock
"The Moosewood Cookbook: Recipes from Moosewood Restaurant, Ithaca, New York",In stock
The Flowers Lied,In stock
"The Fabric of the Cosmos: Space, Time, and the Texture of Reality",In stock
The Book of Mormon,In stock
The Art and Science of Low Carbohydrate Living,In stock
The Alien Club,In stock
Suzie Snowflake: One beautiful flake (a self-esteem story),In stock
Nap-a-Roo,In stock
"NaNo What Now? Finding your editing process, revising your NaNoWriMo book and building a writing career through publishing and beyond",In stock
Modern Day Fables,In stock
If I Gave You God's Phone Number....: Searching for Spirituality in America,In stock
"Fruits Basket, Vol. 9 (Fruits Basket #9)",In stock
Dress Your Family in Corduroy and Denim,In stock
Don't Forget Steven,In stock
Chernobyl 01:23:40: The Incredible True Story of the World's Worst Nuclear Disaster,In stock
Art and Fear: Observations on the Perils (and Rewards) of Artmaking,In stock
A Shard of Ice (The Black Symphony Saga #1),In stock
A Hero's Curse (The Unseen Chronicles #1),In stock
23 Degrees South: A Tropical Tale of Changing Whether...,In stock
"Zero to One: Notes on Startups, or How to Build the Future",In stock
Why Not Me?,In stock
When Breath Becomes Air,In stock
Vagabonding: An Uncommon Guide to the Art of Long-Term World Travel,In stock
The Unlikely Pilgrimage of Harold Fry (Harold Fry #1),In stock
The New Drawing on the Right Side of the Brain,In stock
"The Midnight Assassin: Panic, Scandal, and the Hunt for America's First Serial Killer",In stock
The Martian (The Martian #1),In stock
The High Mountains of Portugal,In stock
The Grownup,In stock
The E-Myth Revisited: Why Most Small Businesses Don't Work and What to Do About It,In stock
South of Sunshine,In stock
Smarter Faster Better: The Secrets of Being Productive in Life and Business,In stock
Silence in the Dark (Logan Point #4),In stock
Shadows of the Past (Logan Point #1),In stock
Roller Girl,In stock
Rising Strong,In stock
Proofs of God: Classical Arguments from Tertullian to Barth,In stock
Please Kill Me: The Uncensored Oral History of Punk,In stock
Out of Print: City Lights Spotlight No. 14,In stock
My Life Next Door (My Life Next Door ),In stock
Miller's Valley,In stock
Man's Search for Meaning,In stock
"Love That Boy: What Two Presidents, Eight Road Trips, and My Son Taught Me About a Parent's Expectations",In stock
Living Forward: A Proven Plan to Stop Drifting and Get the Life You Want,In stock
Les Fleurs du Mal,In stock
Left Behind (Left Behind #1),In stock
Kill 'Em and Leave: Searching for James Brown and the American Soul,In stock
Kierkegaard: A Christian Missionary to Christians,In stock
John Vassos: Industrial Design for Modern Life,In stock
I'll Give You the Sun,In stock
I Will Find You,In stock
Hystopia: A Novel,In stock
Howl and Other Poems,In stock
History of Beauty,In stock
Heaven is for Real: A Little Boy's Astounding Story of His Trip to Heaven and Back,In stock
Future Shock (Future Shock #1),In stock
Ender's Game (The Ender Quintet #1),In stock
Diary of a Citizen Scientist: Chasing Tiger Beetles and Other New Ways of Engaging the World,In stock
Death by Leisure: A Cautionary Tale,In stock
Brilliant Beacons: A History of the American Lighthouse,In stock
Brazen: The Courage to Find the You That's Been Hiding,In stock
Between the World and Me,In stock
Being Mortal: Medicine and What Matters in the End,In stock
"A Murder Over a Girl: Justice, Gender, Junior High",In stock
32 Yolks,In stock
"""Most Blessed of the Patriarchs"": Thomas Jefferson and the Empire of the Imagination",In stock
You Are a Badass: How to Stop Doubting Your Greatness and Start Living an Awesome Life,In stock
Wildlife of New York: A Five-Borough Coloring Book,In stock
What Happened on Beale Street (Secrets of the South Mysteries #2),In stock
Unreasonable Hope: Finding Faith in the God Who Brings Purpose to Your Pain,In stock
Under the Tuscan Sun,In stock
Toddlers Are A**holes: It's Not Your Fault,In stock
The Year of Living Biblically: One Man's Humble Quest to Follow the Bible as Literally as Possible,In stock
The Whale,In stock
The Story of Art,In stock
The Origin of Species,In stock
The Great Gatsby,In stock
The Good Girl,In stock
The Glass Castle,In stock
The Faith of Christopher Hitchens: The Restless Soul of the World's Most Notorious Atheist,In stock
The Drowning Girls,In stock
The Constant Princess (The Tudor Court #1),In stock
The Bourne Identity (Jason Bourne #1),In stock
The Bachelor Girl's Guide to Murder (Herringford and Watts Mysteries #1),In stock
The Art Book,In stock
The 7 Habits of Highly Effective People: Powerful Lessons in Personal Change,In stock
Team of Rivals: The Political Genius of Abraham Lincoln,In stock
Steal Like an Artist: 10 Things Nobody Told You About Being Creative,In stock
"Sit, Stay, Love",In stock
Sister Dear,In stock
"Shrunken Treasures: Literary Classics, Short, Sweet, and Silly",In stock
"Rich Dad, Poor Dad",In stock
Raymie Nightingale,In stock
Playing from the Heart,In stock
Nightstruck: A Novel,In stock
"Naturally Lean: 125 Nourishing Gluten-Free, Plant-Based Recipes--All Under 300 Calories",In stock
Meternity,In stock
Memoirs of a Geisha,In stock
Like Never Before (Walker Family #2),In stock
Life of Pi,In stock
Leave This Song Behind: Teen Poetry at Its Best,In stock
King's Folly (The Kinsman Chronicles #1),In stock
John Adams,In stock
How to Cook Everything Vegetarian: Simple Meatless Recipes for Great Food (How to Cook Everything),In stock
How to Be a Domestic Goddess: Baking and the Art of Comfort Cooking,In stock
Good in Bed (Cannie Shapiro #1),In stock
"Fruits Basket, Vol. 7 (Fruits Basket #7)",In stock
For the Love: Fighting for Grace in a World of Impossible Standards,In stock
Finding God in the Ruins: How God Redeems Pain,In stock
Every Heart a Doorway (Every Heart A Doorway #1),In stock
Delivering the Truth (Quaker Midwife Mystery #1),In stock
Counted With the Stars (Out from Egypt #1),In stock
"Chronicles, Vol. 1",In stock
Blue Like Jazz: Nonreligious Thoughts on Christian Spirituality,In stock
Benjamin Franklin: An American Life,In stock
"At The Existentialist CafÃ©: Freedom, Being, and apricot cocktails with: Jean-Paul Sartre, Simone de Beauvoir, Albert Camus, Martin Heidegger, Edmund Husserl, Karl Jaspers, Maurice Merleau-Ponty and others",In stock
A Summer In Europe,In stock
A Short History of Nearly Everything,In stock
A Gathering of Shadows (Shades of Magic #2),In stock
The Sound Of Love,In stock
The Rise and Fall of the Third Reich: A History of Nazi Germany,In stock
The Perks of Being a Wallflower,In stock
The Mysterious Affair at Styles (Hercule Poirot #1),In stock
The Man Who Mistook His Wife for a Hat and Other Clinical Tales,In stock
The Makings of a Fatherless Child,In stock
The Joy of Cooking,In stock
The Invention of Wings,In stock
The Hobbit (Middle-Earth Universe),In stock
The Great Railway Bazaar,In stock
The Golden Compass (His Dark Materials #1),In stock
The God Delusion,In stock
The Girl You Left Behind (The Girl You Left Behind #1),In stock
The Fellowship of the Ring (The Lord of the Rings #1),In stock
The Collected Poems of W.B. Yeats (The Collected Works of W.B. Yeats #1),In stock
The Barefoot Contessa Cookbook,In stock
Tell the Wolves I'm Home,In stock
Ship Leaves Harbor: Essays on Travel by a Recovering Journeyman,In stock
Pride and Prejudice,In stock
Musicophilia: Tales of Music and the Brain,In stock
Mere Christianity,In stock
Me Before You (Me Before You #1),In stock
In the Woods (Dublin Murder Squad #1),In stock
In Cold Blood,In stock
How to Stop Worrying and Start Living,In stock
Give It Back,In stock
"Girl, Interrupted",In stock
Fun Home: A Family Tragicomic,In stock
"Fruits Basket, Vol. 6 (Fruits Basket #6)",In stock
Deception Point,In stock
"Death Note, Vol. 6: Give-and-Take (Death Note #6)",In stock
Catherine the Great: Portrait of a Woman,In stock
Better Homes and Gardens New Cook Book,In stock
An Unquiet Mind: A Memoir of Moods and Madness,In stock
A Year in Provence (Provence #1),In stock
World Without End (The Pillars of the Earth #2),In stock
"Will Grayson, Will Grayson (Will Grayson, Will Grayson)",In stock
Why Save the Bankers?: And Other Essays on Our Economic and Political Crisis,In stock
Where She Went (If I Stay #2),In stock
What If?: Serious Scientific Answers to Absurd Hypothetical Questions,In stock
Two Summers,In stock
This Is Your Brain on Music: The Science of a Human Obsession,In stock
The Secret Garden,In stock
The Raven King (The Raven Cycle #4),In stock
The Raven Boys (The Raven Cycle #1),In stock
The Power Greens Cookbook: 140 Delicious Superfood Recipes,In stock
The Metamorphosis,In stock
The Mathews Men: Seven Brothers and the War Against Hitler's U-boats,In stock
The Little Paris Bookshop,In stock
The Hiding Place,In stock
The Grand Design,In stock
The Firm,In stock
The Fault in Our Stars,In stock
The False Prince (The Ascendance Trilogy #1),In stock
The Expatriates,In stock
The Dream Thieves (The Raven Cycle #2),In stock
The Darkest Corners,In stock
The Crossover,In stock
The 5th Wave (The 5th Wave #1),In stock
Tell the Wind and Fire,In stock
Tell Me Three Things,In stock
Talking to Girls About Duran Duran: One Young Man's Quest for True Love and a Cooler Haircut,In stock
Siddhartha,In stock
Shiver (The Wolves of Mercy Falls #1),In stock
Remember Me?,In stock
Red Dragon (Hannibal Lecter #1),In stock
Peak: Secrets from the New Science of Expertise,In stock
My Mother Was Nuts,In stock
Mexican Today: New and Rediscovered Recipes for Contemporary Kitchens,In stock
Maybe Something Beautiful: How Art Transformed a Neighborhood,In stock
Lola and the Boy Next Door (Anna and the French Kiss #2),In stock
Logan Kade (Fallen Crest High #5.5),In stock
Last One Home (New Beginnings #1),In stock
Killing Floor (Jack Reacher #1),In stock
Kill the Boy Band,In stock
Isla and the Happily Ever After (Anna and the French Kiss #3),In stock
If I Stay (If I Stay #1),In stock
I Know Why the Caged Bird Sings (Maya Angelou's Autobiography #1),In stock
Harry Potter and the Deathly Hallows (Harry Potter #7),In stock
"Fruits Basket, Vol. 5 (Fruits Basket #5)",In stock
Foundation (Foundation (Publication Order) #1),In stock
Fool Me Once,In stock
Find Her (Detective D.D. Warren #8),In stock
Evicted: Poverty and Profit in the American City,In stock
Drama,In stock
Dracula the Un-Dead,In stock
Digital Fortress,In stock
"Death Note, Vol. 5: Whiteout (Death Note #5)",In stock
"Data, A Love Story: How I Gamed Online Dating to Meet My Match",In stock
Critique of Pure Reason,In stock
Booked,In stock
"Blue Lily, Lily Blue (The Raven Cycle #3)",In stock
Approval Junkie: Adventures in Caring Too Much,In stock
An Abundance of Katherines,In stock
America's War for the Greater Middle East: A Military History,In stock
Alight (The Generations Trilogy #2),In stock
A Girl's Guide to Moving On (New Beginnings #2),In stock
A Game of Thrones (A Song of Ice and Fire #1),In stock
A Feast for Crows (A Song of Ice and Fire #4),In stock
A Clash of Kings (A Song of Ice and Fire #2),In stock
Vogue Colors A to Z: A Fashion Coloring Book,In stock
The Shining (The Shining #1),In stock
The Pilgrim's Progress,In stock
The Perfect Play (Play by Play #1),In stock
The Passion of Dolssa,In stock
The Jazz of Physics: The Secret Link Between Music and the Structure of the Universe,In stock
The Hunger Games (The Hunger Games #1),In stock
The Hound of the Baskervilles (Sherlock Holmes #5),In stock
The Gunning of America: Business and the Making of American Gun Culture,In stock
The Geography of Bliss: One Grump's Search for the Happiest Places in the World,In stock
The Demonists (Demonist #1),In stock
"The Demon Prince of Momochi House, Vol. 4 (The Demon Prince of Momochi House #4)",In stock
The Bone Hunters (Lexy Vaughan & Steven Macaulay #2),In stock
The Beast (Black Dagger Brotherhood #14),In stock
Some Women,In stock
Shopaholic Ties the Knot (Shopaholic #3),In stock
Paper and Fire (The Great Library #2),In stock
Outlander (Outlander #1),In stock
"Orchestra of Exiles: The Story of Bronislaw Huberman, the Israel Philharmonic, and the One Thousand Jews He Saved from Nazi Horrors",In stock
No One Here Gets Out Alive,In stock
Night Shift (Night Shift #1-20),In stock
Needful Things,In stock
Mockingjay (The Hunger Games #3),In stock
Misery,In stock
Little Women (Little Women #1),In stock
It,In stock
Harry Potter and the Sorcerer's Stone (Harry Potter #1),In stock
Harry Potter and the Prisoner of Azkaban (Harry Potter #3),In stock
Harry Potter and the Order of the Phoenix (Harry Potter #5),In stock
Harry Potter and the Half-Blood Prince (Harry Potter #6),In stock
Harry Potter and the Chamber of Secrets (Harry Potter #2),In stock
Gone with the Wind,In stock
God Is Not Great: How Religion Poisons Everything,In stock
Girl With a Pearl Earring,In stock
"Fruits Basket, Vol. 4 (Fruits Basket #4)",In stock
Far From True (Promise Falls Trilogy #2),In stock
Dark Lover (Black Dagger Brotherhood #1),In stock
Confessions of a Shopaholic (Shopaholic #1),In stock
Changing the Game (Play by Play #2),In stock
Candide,In stock
Can You Keep a Secret?,In stock
Atlas Shrugged,In stock
Animal Farm,In stock
A Walk to Remember,In stock
A New Earth: Awakening to Your Life's Purpose,In stock
"A History of God: The 4,000-Year Quest of Judaism, Christianity, and Islam",In stock
'Salem's Lot,In stock
Zero History (Blue Ant #3),In stock
Wuthering Heights,In stock
World War Z: An Oral History of the Zombie War,In stock
Wild: From Lost to Found on the Pacific Crest Trail,In stock
"Where'd You Go, Bernadette",In stock
When You Are Engulfed in Flames,In stock
We the People: The Modern-Day Figures Who Have Reshaped and Affirmed the Founding Fathers' Vision of America,In stock
We Are All Completely Beside Ourselves,In stock
Walk the Edge (Thunder Road #2),In stock
Voyager (Outlander #3),In stock
Very Good Lives: The Fringe Benefits of Failure and the Importance of Imagination,In stock
Vegan Vegetarian Omnivore: Dinner for Everyone at the Table,In stock
"Unstuffed: Decluttering Your Home, Mind, and Soul",In stock
Under the Banner of Heaven: A Story of Violent Faith,In stock
Two Boys Kissing,In stock
Twilight (Twilight #1),In stock
Twenties Girl,In stock
"Trespassing Across America: One Man's Epic, Never-Done-Before (and Sort of Illegal) Hike Across the Heartland",In stock
Three-Martini Lunch,In stock
"Thinking, Fast and Slow",In stock
The Wild Robot,In stock
"The Wicked + The Divine, Vol. 3: Commercial Suicide (The Wicked + The Divine)",In stock
The Undomestic Goddess,In stock
The Travelers,In stock
The Tipping Point: How Little Things Can Make a Big Difference,In stock
The Thing About Jellyfish,In stock
The Stand,In stock
The Smitten Kitchen Cookbook,In stock
The Silkworm (Cormoran Strike #2),In stock
"The Sandman, Vol. 3: Dream Country (The Sandman (volumes) #3)",In stock
The Rose & the Dagger (The Wrath and the Dawn #2),In stock
The Road to Little Dribbling: Adventures of an American in Britain (Notes From a Small Island #2),In stock
The Rise of Theodore Roosevelt (Theodore Roosevelt #1),In stock
The Restaurant at the End of the Universe (Hitchhiker's Guide to the Galaxy #2),In stock
The Rest Is Noise: Listening to the Twentieth Century,In stock
The Red Tent,In stock
The Purpose Driven Life: What on Earth Am I Here for?,In stock
The Purest Hook (Second Circle Tattoos #3),In stock
The Picture of Dorian Gray,In stock
The Paris Wife,In stock
The Obsession,In stock
The Nightingale,In stock
The New Guy (and Other Senior Year Distractions),In stock
The Nanny Diaries (Nanny #1),In stock
The Name of God is Mercy,In stock
The Maze Runner (The Maze Runner #1),In stock
The Lover's Dictionary,In stock
The Lonely Ones,In stock
The Lean Startup: How Today's Entrepreneurs Use Continuous Innovation to Create Radically Successful Businesses,In stock
The Last Painting of Sara de Vos,In stock
"The Land of 10,000 Madonnas",In stock
The Infinities,In stock
The Husband's Secret,In stock
The Hitchhiker's Guide to the Galaxy (Hitchhiker's Guide to the Galaxy #1),In stock
The Guns of August,In stock
The Guernsey Literary and Potato Peel Pie Society,In stock
The Goldfinch,In stock
The Giver (The Giver Quartet #1),In stock
The Girl with All the Gifts,In stock
The Girl Who Played with Fire (Millennium Trilogy #2),In stock
The Girl Who Kicked the Hornet's Nest (Millennium Trilogy #3),In stock
The Exiled,In stock
"The End of Faith: Religion, Terror, and the Future of Reason",In stock
"The Elegant Universe: Superstrings, Hidden Dimensions, and the Quest for the Ultimate Theory",In stock
"The Disappearing Spoon: And Other True Tales of Madness, Love, and the History of the World from the Periodic Table of the Elements",In stock
The Devil Wears Prada (The Devil Wears Prada #1),In stock
The Demon-Haunted World: Science as a Candle in the Dark,In stock
The Day the Crayons Came Home (Crayons),In stock
The Da Vinci Code (Robert Langdon #2),In stock
The Cuckoo's Calling (Cormoran Strike #1),In stock
The Complete Stories and Poems (The Works of Edgar Allan Poe [Cameo Edition]),In stock
The Complete Poems,In stock
The Catcher in the Rye,In stock
The Cat in the Hat (Beginner Books B-1),In stock
The Case for Christ (Cases for Christianity),In stock
The Book Thief,In stock
The Book of Basketball: The NBA According to The Sports Guy,In stock
The Blind Side: Evolution of a Game,In stock
The Autobiography of Malcolm X,In stock
"The Art of Simple Food: Notes, Lessons, and Recipes from a Delicious Revolution",In stock
The Art of Fielding,In stock
"Surely You're Joking, Mr. Feynman!: Adventures of a Curious Character",In stock
Stiff: The Curious Lives of Human Cadavers,In stock
Spilled Milk: Based on a True Story,In stock
Something Borrowed (Darcy & Rachel #1),In stock
Something Blue (Darcy & Rachel #2),In stock
Soldier (Talon #3),In stock
Shopaholic & Baby (Shopaholic #5),In stock
Seven Days in the Art World,In stock
Seven Brief Lessons on Physics,In stock
Scarlet (The Lunar Chronicles #2),In stock
Sarah's Key,In stock
"Saga, Volume 3 (Saga (Collected Editions) #3)",In stock
Running with Scissors,In stock
Rogue Lawyer (Rogue Lawyer #1),In stock
"Rise of the Rocket Girls: The Women Who Propelled Us, from Missiles to the Moon to Mars",In stock
Rework,In stock
Reservations for Two,In stock
Red: The True Story of Red Riding Hood,In stock
Ready Player One,In stock
Quiet: The Power of Introverts in a World That Can't Stop Talking,In stock
Prodigy: The Graphic Novel (Legend: The Graphic Novel #2),In stock
Persepolis: The Story of a Childhood (Persepolis #1-2),In stock
Packing for Mars: The Curious Science of Life in the Void,In stock
Outliers: The Story of Success,In stock
Original Fake,In stock
Orange Is the New Black,In stock
One for the Money (Stephanie Plum #1),In stock
Notes from a Small Island (Notes From a Small Island #1),In stock
Night (The Night Trilogy #1),In stock
Neither Here nor There: Travels in Europe,In stock
Naked,In stock
Morning Star (Red Rising #3),In stock
"Miracles from Heaven: A Little Girl, Her Journey to Heaven, and Her Amazing Story of Healing",In stock
Midnight Riot (Peter Grant/ Rivers of London - books #1),In stock
Me Talk Pretty One Day,In stock
Manuscript Found in Accra,In stock
Lust & Wonder,In stock
Lila (Gilead #3),In stock
"Life, the Universe and Everything (Hitchhiker's Guide to the Galaxy #3)",In stock
Life Without a Recipe,In stock
Life After Life,In stock
Letter to a Christian Nation,In stock
Let's Pretend This Never Happened: A Mostly True Memoir,In stock
Legend (Legend #1),In stock
"Lean In: Women, Work, and the Will to Lead",In stock
"Lamb: The Gospel According to Biff, Christ's Childhood Pal",In stock
Lady Renegades (Rebel Belle #3),In stock
Jurassic Park (Jurassic Park #1),In stock
It's Never Too Late to Begin Again: Discovering Creativity and Meaning at Midlife and Beyond,In stock
Is Everyone Hanging Out Without Me? (And Other Concerns),In stock
Into the Wild,In stock
Inferno (Robert Langdon #4),In stock
"In the Garden of Beasts: Love, Terror, and an American Family in Hitler's Berlin",In stock
If I Run (If I Run #1),In stock
I've Got Your Number,In stock
I Am Malala: The Girl Who Stood Up for Education and Was Shot by the Taliban,In stock
Hungry Girl Clean & Hungry: Easy All-Natural Recipes for Healthy Eating in the Real World,In stock
"House of Lost Worlds: Dinosaurs, Dynasties, and the Story of Life on Earth",In stock
House of Leaves,In stock
Horrible Bear!,In stock
Holidays on Ice,In stock
Heir to the Sky,In stock
Green Eggs and Ham (Beginner Books B-16),In stock
"Grayson, Vol 3: Nemesis (Grayson #3)",In stock
Gratitude,In stock
Gone Girl,In stock
Golden (Heart of Dread #3),In stock
Girl in the Blue Coat,In stock
"Fruits Basket, Vol. 3 (Fruits Basket #3)",In stock
"Friday Night Lights: A Town, a Team, and a Dream",In stock
Fire Bound (Sea Haven/Sisters of the Heart #5),In stock
Fifty Shades Freed (Fifty Shades #3),In stock
Fellside,In stock
Extreme Prey (Lucas Davenport #26),In stock
Eragon (The Inheritance Cycle #1),In stock
Eclipse (Twilight #3),In stock
Dune (Dune #1),In stock
Dracula,In stock
Do Androids Dream of Electric Sheep? (Blade Runner #1),In stock
Disrupted: My Misadventure in the Start-Up Bubble,In stock
Dead Wake: The Last Crossing of the Lusitania,In stock
"David and Goliath: Underdogs, Misfits, and the Art of Battling Giants",In stock
Darkfever (Fever #1),In stock
Dark Places,In stock
Crazy Rich Asians (Crazy Rich Asians #1),In stock
Counting Thyme,In stock
Cosmos,In stock
Civilization and Its Discontents,In stock
Cinder (The Lunar Chronicles #1),In stock
Catastrophic Happiness: Finding Joy in Childhood's Messy Years,In stock
Career of Evil (Cormoran Strike #3),In stock
Breaking Dawn (Twilight #4),In stock
Brave Enough,In stock
Boy Meets Boy,In stock
"Born to Run: A Hidden Tribe, Superathletes, and the Greatest Race the World Has Never Seen",In stock
Blink: The Power of Thinking Without Thinking,In stock
Black Flags: The Rise of ISIS,In stock
"Black Butler, Vol. 1 (Black Butler #1)",In stock
Big Little Lies,In stock
Between Shades of Gray,In stock
Best of My Love (Fool's Gold #20),In stock
Beowulf,In stock
Beautiful Creatures (Caster Chronicles #1),In stock
Awkward,In stock
Ash,In stock
Are We There Yet?,In stock
Are We Smart Enough to Know How Smart Animals Are?,In stock
Annie on My Mind,In stock
And Then There Were None,In stock
A Walk in the Woods: Rediscovering America on the Appalachian Trail,In stock
A Visit from the Goon Squad,In stock
A Storm of Swords (A Song of Ice and Fire #3),In stock
A Heartbreaking Work of Staggering Genius,In stock
8 Keys to Mental Health Through Exercise,In stock
#GIRLBOSS,In stock
"The Suffragettes (Little Black Classics, #96)",In stock
The Sense of an Ending,In stock
"The Sandman, Vol. 2: The Doll's House (The Sandman (volumes) #2)",In stock
The Course of Love,In stock
Sugar Rush (Offensive Line #2),In stock
"Saga, Volume 2 (Saga (Collected Editions) #2)",In stock
"Run, Spot, Run: The Ethics of Keeping Pets",In stock
New Moon (Twilight #2),In stock
Life,In stock
Kindle Paperwhite User's Guide,In stock
H is for Hawk,In stock
Girl Online On Tour (Girl Online #2),In stock
"Fruits Basket, Vol. 2 (Fruits Basket #2)",In stock
Diary of a Minecraft Zombie Book 1: A Scare of a Dare (An Unofficial Minecraft Book),In stock
"Y: The Last Man, Vol. 1: Unmanned (Y: The Last Man #1)",In stock
While You Were Mine,In stock
Where Lightning Strikes (Bleeding Stars #3),In stock
When I'm Gone,In stock
Ways of Seeing,In stock
"Vampire Knight, Vol. 1 (Vampire Knight #1)",In stock
Vampire Girl (Vampire Girl #1),In stock
Twenty Love Poems and a Song of Despair,In stock
Travels with Charley: In Search of America,In stock
Three Wishes (River of Time: California #1),In stock
This One Moment (Pushing Limits #1),In stock
The Zombie Room,In stock
"The Wicked + The Divine, Vol. 1: The Faust Act (The Wicked + The Divine)",In stock
The Tumor,In stock
The Story of Hong Gildong,In stock
The Silent Wife,In stock
The Silent Twin (Detective Jennifer Knight #3),In stock
The Selfish Gene,In stock
The Secret Healer,In stock
"The Sandman, Vol. 1: Preludes and Nocturnes (The Sandman (volumes) #1)",In stock
The Republic,In stock
The Odyssey,In stock
The No. 1 Ladies' Detective Agency (No. 1 Ladies' Detective Agency #1),In stock
The Nicomachean Ethics,In stock
The Name of the Wind (The Kingkiller Chronicle #1),In stock
The Mirror & the Maze (The Wrath and the Dawn #1.5),In stock
The Little Prince,In stock
The Light of the Fireflies,In stock
The Last Girl (The Dominion Trilogy #1),In stock
The Iliad,In stock
The Hook Up (Game On #1),In stock
The Haters,In stock
The Girl You Lost,In stock
The Girl In The Ice (DCI Erika Foster #1),In stock
The End of the Jesus Era (An Investigation #1),In stock
The Edge of Reason (Bridget Jones #2),In stock
The Complete Maus (Maus #1-2),In stock
The Communist Manifesto,In stock
The Bhagavad Gita,In stock
The Bette Davis Club,In stock
The Art of Not Breathing,In stock
Taking Shots (Assassins #1),In stock
Starlark,In stock
"Skip Beat!, Vol. 01 (Skip Beat! #1)",In stock
Sister Sable (The Mad Queen #1),In stock
Shatter Me (Shatter Me #1),In stock
Shameless,In stock
Shadow Rites (Jane Yellowrock #10),In stock
Settling the Score (The Summer Games #1),In stock
Sense and Sensibility,In stock
"Saga, Volume 1 (Saga (Collected Editions) #1)",In stock
"Rhythm, Chord & Malykhin",In stock
"Rat Queens, Vol. 1: Sass & Sorcery (Rat Queens (Collected Editions) #1-5)",In stock
Paradise Lost (Paradise #1),In stock
"Paper Girls, Vol. 1 (Paper Girls #1-5)",In stock
"Ouran High School Host Club, Vol. 1 (Ouran High School Host Club #1)",In stock
Origins (Alphas 0.5),In stock
One Second (Seven #7),In stock
On the Road (Duluoz Legend),In stock
Old Records Never Die: One Man's Quest for His Vinyl and His Past,In stock
Off Sides (Off #1),In stock
Of Mice and Men,In stock
Myriad (Prentor #1),In stock
My Perfect Mistake (Over the Top #1),In stock
"Ms. Marvel, Vol. 1: No Normal (Ms. Marvel (2014-2015) #1)",In stock
Meditations,In stock
Matilda,In stock
Lost Among the Living,In stock
Lord of the Flies,In stock
Listen to Me (Fusion #1),In stock
Kitchens of the Great Midwest,In stock
Jane Eyre,In stock
Imperfect Harmony,In stock
Icing (Aces Hockey #2),In stock
"Hawkeye, Vol. 1: My Life as a Weapon (Hawkeye #1)",In stock
Having the Barbarian's Baby (Ice Planet Barbarians #7.5),In stock
"Giant Days, Vol. 1 (Giant Days #1-4)",In stock
"Fruits Basket, Vol. 1 (Fruits Basket #1)",In stock
Frankenstein,In stock
Forever Rockers (The Rocker #12),In stock
Fighting Fate (Fighting #6),In stock
Emma,In stock
"Eat, Pray, Love",In stock
Deep Under (Walker Security #1),In stock
Choosing Our Religion: The Spiritual Lives of America's Nones,In stock
Charlie and the Chocolate Factory (Charlie Bucket #1),In stock
Charity's Cross (Charles Towne Belles #4),In stock
Bright Lines,In stock
Bridget Jones's Diary (Bridget Jones #1),In stock
Bounty (Colorado Mountain #7),In stock
Blood Defense (Samantha Brinkman #1),In stock
"Bleach, Vol. 1: Strawberry and the Soul Reapers (Bleach #1)",In stock
Beyond Good and Evil,In stock
Alice in Wonderland (Alice's Adventures in Wonderland #1),In stock
"Ajin: Demi-Human, Volume 1 (Ajin: Demi-Human #1)",In stock
A Spy's Devotion (The Regency Spies of London #1),In stock
1st to Die (Women's Murder Club #1),In stock
"1,000 Places to See Before You Die",In stock
